"season","genotype","max_height_cm","min_height_cm","max_growth_cm_gdd","r2","method","method_type"
"season_4","PI144134",320.284505292574,5.23835791007338,0.383763196309377,0.994027344532084,"Bayesian logistic model of canopy height vs. gdd","RE"
"season_4","PI145619",324.805120444135,6.61688730501959,0.323791058702167,0.994935959178366,"Bayesian logistic model of canopy height vs. gdd","RE"
"season_4","PI145626",315.585677320102,7.34159794052042,0.323910397914575,0.993205766418839,"Bayesian logistic model of canopy height vs. gdd","RE"
"season_4","PI145633",341.618040908085,7.13261803995261,0.338393871907458,0.99362487065419,"Bayesian logistic model of canopy height vs. gdd","RE"
"season_4","PI146890",331.630282200627,9.06397269893864,0.338307928837898,0.990306848063916,"Bayesian logistic model of canopy height vs. gdd","RE"
"season_4","PI152591",326.605517896898,7.23476153365311,0.319024945823574,0.985256461101755,"Bayesian logistic model of canopy height vs. gdd","RE"
"season_4","PI152651",301.657693626667,9.33644906707233,0.258211549697778,0.96278447449195,"Bayesian logistic model of canopy height vs. gdd","RE"
"season_4","PI152694",324.043439546204,8.77215044906367,0.339552188004033,0.984640106762252,"Bayesian logistic model of canopy height vs. gdd","RE"
"season_4","PI152727",299.32692270026,10.4425573780309,0.230028486595096,0.984809412120175,"Bayesian logistic model of canopy height vs. gdd","RE"
"season_4","PI152733",361.101477447735,11.0046192728058,0.347100553041232,0.986011222211502,"Bayesian logistic model of canopy height vs. gdd","RE"
"season_4","PI152771",339.260879763061,18.1636676374121,0.23633648247137,0.978220333319683,"Bayesian logistic model of canopy height vs. gdd","RE"
"season_4","PI152816",282.013587353934,5.18217928839941,0.332334522964539,0.970617376113042,"Bayesian logistic model of canopy height vs. gdd","RE"
"season_4","PI152828",283.686123581118,14.1256592213564,0.218025453118024,0.982913735236602,"Bayesian logistic model of canopy height vs. gdd","RE"
"season_4","PI152860",365.880198791849,11.77521778965,0.321286905572448,0.992901312241587,"Bayesian logistic model of canopy height vs. gdd","RE"
"season_4","PI152862",302.377288791613,5.344851785765,0.344090159836869,0.990794822910549,"Bayesian logistic model of canopy height vs. gdd","RE"
"season_4","PI152923",299.347371329333,8.22176463716891,0.268371268528042,0.983694307337999,"Bayesian logistic model of canopy height vs. gdd","RE"
"season_4","PI152961",311.795830173959,10.0505749865303,0.289679023862097,0.96998156868111,"Bayesian logistic model of canopy height vs. gdd","RE"
"season_4","PI152965",335.318038097001,9.41763086207785,0.257570583753546,0.967999152185559,"Bayesian logistic model of canopy height vs. gdd","RE"
"season_4","PI152966",336.638138378225,8.12888116951721,0.353322581500964,0.991469706225104,"Bayesian logistic model of canopy height vs. gdd","RE"
"season_4","PI152967",322.989620697206,12.2194202476904,0.284113283472995,0.985007334623383,"Bayesian logistic model of canopy height vs. gdd","RE"
"season_4","PI152971",309.582565841827,5.33992891948434,0.364756536697676,0.995219791894006,"Bayesian logistic model of canopy height vs. gdd","RE"
"season_4","PI153877",291.433249648149,5.13652906286538,0.318961355568024,0.962487921710671,"Bayesian logistic model of canopy height vs. gdd","RE"
"season_4","PI154846",352.149738853089,10.5362642762575,0.317893373465367,0.990086077051115,"Bayesian logistic model of canopy height vs. gdd","RE"
"season_4","PI154944",366.250610989456,13.6897157067308,0.304915297743475,0.984666093287668,"Bayesian logistic model of canopy height vs. gdd","RE"
"season_4","PI154987",309.012779359145,8.68856054790659,0.301680273945342,0.98645693283268,"Bayesian logistic model of canopy height vs. gdd","RE"
"season_4","PI154988",339.147673366341,14.5195997201017,0.25008730855669,0.984253918837715,"Bayesian logistic model of canopy height vs. gdd","RE"
"season_4","PI155516",334.340727948785,9.41033069425438,0.293114807381889,0.984862759537944,"Bayesian logistic model of canopy height vs. gdd","RE"
"season_4","PI155760",338.604779212193,6.23328599226548,0.368651218067613,0.990800004411311,"Bayesian logistic model of canopy height vs. gdd","RE"
"season_4","PI155885",319.274866827402,14.9936602352136,0.226106527952929,0.983706800055311,"Bayesian logistic model of canopy height vs. gdd","RE"
"season_4","PI156178",232.421698695704,8.9241413624777,0.192908291414677,0.983766362303043,"Bayesian logistic model of canopy height vs. gdd","RE"
"season_4","PI156217",326.220794126763,10.3637999397312,0.256968191783583,0.992912266604393,"Bayesian logistic model of canopy height vs. gdd","RE"
"season_4","PI156326",338.872419837589,9.98252049695337,0.26472680596245,0.983680782216467,"Bayesian logistic model of canopy height vs. gdd","RE"
"season_4","PI156330",321.586772732402,8.08887814657565,0.261890782218656,0.989449765577218,"Bayesian logistic model of canopy height vs. gdd","RE"
"season_4","PI156393",338.217521582511,12.1756672382225,0.25868871592273,0.980779413887528,"Bayesian logistic model of canopy height vs. gdd","RE"
"season_4","PI156463",317.981356069679,15.2597553612232,0.26040896437592,0.982203125836633,"Bayesian logistic model of canopy height vs. gdd","RE"
"season_4","PI156487",342.69844790735,14.7328925373281,0.250732666113988,0.977614751378171,"Bayesian logistic model of canopy height vs. gdd","RE"
"season_4","PI156871",335.00332451743,9.48631658899524,0.294577664454004,0.988909721734101,"Bayesian logistic model of canopy height vs. gdd","RE"
"season_4","PI156890",280.104308028204,8.62487475271361,0.267760212760713,0.987493488129019,"Bayesian logistic model of canopy height vs. gdd","RE"
"season_4","PI157030",330.937023342827,9.38633476342887,0.279283349056386,0.984566309744093,"Bayesian logistic model of canopy height vs. gdd","RE"
"season_4","PI157035",358.24763990735,11.0329022295526,0.314465248741944,0.991514446663819,"Bayesian logistic model of canopy height vs. gdd","RE"
"season_4","PI157804",342.545569125547,11.5896825533035,0.342356591636893,0.968527186228188,"Bayesian logistic model of canopy height vs. gdd","RE"
"season_4","PI167093",374.37280532471,11.7588962695853,0.312694045504108,0.99059389343737,"Bayesian logistic model of canopy height vs. gdd","RE"
"season_4","PI170787",303.496125464552,6.37197804135339,0.342448985973582,0.991546181194836,"Bayesian logistic model of canopy height vs. gdd","RE"
"season_4","PI175919",286.237039497444,4.88637073657538,0.35669155244247,0.994418658779087,"Bayesian logistic model of canopy height vs. gdd","RE"
"season_4","PI176766",343.058531373173,5.65481326398494,0.410720642251319,0.991590729270953,"Bayesian logistic model of canopy height vs. gdd","RE"
"season_4","PI179749",273.791514401467,8.73306552178711,0.296351206335303,0.971926487583634,"Bayesian logistic model of canopy height vs. gdd","RE"
"season_4","PI180348",223.520589967289,8.00532253710795,0.279225586842371,0.979396322919515,"Bayesian logistic model of canopy height vs. gdd","RE"
"season_4","PI196049",338.308666419437,16.3309780367712,0.250424924851286,0.979020311104302,"Bayesian logistic model of canopy height vs. gdd","RE"
"season_4","PI196583",296.659183501306,5.09407631458594,0.334331371325017,0.985745357349923,"Bayesian logistic model of canopy height vs. gdd","RE"
"season_4","PI196586",330.854112956246,7.27362296040179,0.370329480019643,0.992263713343791,"Bayesian logistic model of canopy height vs. gdd","RE"
"season_4","PI196598",284.727949744667,6.53551157866812,0.324588832412532,0.995119741782781,"Bayesian logistic model of canopy height vs. gdd","RE"
"season_4","PI197542",295.318919413986,17.5073277573514,0.252403282640891,0.950111782773444,"Bayesian logistic model of canopy height vs. gdd","RE"
"season_4","PI19770",318.877804531242,7.16037332916741,0.362878764212266,0.986770547456449,"Bayesian logistic model of canopy height vs. gdd","RE"
"season_4","PI218112",333.934987936653,19.4185346680185,0.282452189285636,0.967836385350573,"Bayesian logistic model of canopy height vs. gdd","RE"
"season_4","PI221548",312.452675627868,6.85451692868335,0.317462354390117,0.982403778335933,"Bayesian logistic model of canopy height vs. gdd","RE"
"season_4","PI221651",315.886223956939,11.3947593590168,0.25612699207059,0.983321786120496,"Bayesian logistic model of canopy height vs. gdd","RE"
"season_4","PI251672",326.786091177493,7.40547689782426,0.335580298491948,0.993668728405251,"Bayesian logistic model of canopy height vs. gdd","RE"
"season_4","PI257599",328.52464818476,10.7217787620468,0.316073264556802,0.992490694873219,"Bayesian logistic model of canopy height vs. gdd","RE"
"season_4","PI257600",315.609816352465,9.66619915976973,0.311074951760271,0.988859985842351,"Bayesian logistic model of canopy height vs. gdd","RE"
"season_4","PI266927",375.81047589774,12.8996813061254,0.301033735477027,0.991593797847382,"Bayesian logistic model of canopy height vs. gdd","RE"
"season_4","PI267573",359.901243575774,10.6226315731457,0.301685787017248,0.986509969567303,"Bayesian logistic model of canopy height vs. gdd","RE"
"season_4","PI273969",356.80387805175,8.68709776959343,0.357361634495652,0.995254870799412,"Bayesian logistic model of canopy height vs. gdd","RE"
"season_4","PI276837",383.686870997264,13.9097288025547,0.327808731884518,0.991905307301518,"Bayesian logistic model of canopy height vs. gdd","RE"
"season_4","PI303658",319.612120573008,8.63822897512242,0.320909707507613,0.978766597482236,"Bayesian logistic model of canopy height vs. gdd","RE"
"season_4","PI329256",328.97041490406,13.075100777981,0.272434449866965,0.9864078710527,"Bayesian logistic model of canopy height vs. gdd","RE"
"season_4","PI329286",376.12961495517,13.6271953627713,0.270952633767636,0.986646472007371,"Bayesian logistic model of canopy height vs. gdd","RE"
"season_4","PI329300",357.678404386231,13.3024915358743,0.307151029942074,0.987420717653836,"Bayesian logistic model of canopy height vs. gdd","RE"
"season_4","PI329301",388.099802759464,11.754789470445,0.344848886177321,0.988779208119119,"Bayesian logistic model of canopy height vs. gdd","RE"
"season_4","PI329310",269.658295638588,4.23611003015472,0.363430765356262,0.989923002630124,"Bayesian logistic model of canopy height vs. gdd","RE"
"season_4","PI329319",310.281235766376,8.0771395249902,0.244009212652877,0.977418214736033,"Bayesian logistic model of canopy height vs. gdd","RE"
"season_4","PI329326",254.423270764418,5.89529035324665,0.242446260891306,0.982897050280578,"Bayesian logistic model of canopy height vs. gdd","RE"
"season_4","PI329338",356.411632387001,3.70824096321734,0.369270509004281,0.989365104357125,"Bayesian logistic model of canopy height vs. gdd","RE"
"season_4","PI329351",340.239476703702,6.84457531820854,0.337841610313456,0.98279667878121,"Bayesian logistic model of canopy height vs. gdd","RE"
"season_4","PI329394",318.406464670034,11.3737924341704,0.290533063399279,0.954627950644878,"Bayesian logistic model of canopy height vs. gdd","RE"
"season_4","PI329403",369.607550106651,15.3317792578062,0.281775044042312,0.987923561526222,"Bayesian logistic model of canopy height vs. gdd","RE"
"season_4","PI329435",328.383946496999,13.4293799340357,0.210664924480555,0.98840819318018,"Bayesian logistic model of canopy height vs. gdd","RE"
"season_4","PI329465",315.106711349442,7.32829060733088,0.289121833737815,0.985176040234116,"Bayesian logistic model of canopy height vs. gdd","RE"
"season_4","PI329466",356.764152601597,13.5529801861968,0.276384524777616,0.984776154524481,"Bayesian logistic model of canopy height vs. gdd","RE"
"season_4","PI329471",303.413992025651,8.35359011101515,0.28509040775139,0.985881129542288,"Bayesian logistic model of canopy height vs. gdd","RE"
"season_4","PI329478",282.352930870684,8.64873127320769,0.223971194630762,0.978351770959447,"Bayesian logistic model of canopy height vs. gdd","RE"
"season_4","PI329480",253.648044865975,8.09462092135319,0.22212015762878,0.945719954709326,"Bayesian logistic model of canopy height vs. gdd","RE"
"season_4","PI329501",346.742033858599,11.1030677194016,0.233644853543291,0.980772555173012,"Bayesian logistic model of canopy height vs. gdd","RE"
"season_4","PI329506",341.351826801979,12.0040284383103,0.261687038135458,0.978255352324998,"Bayesian logistic model of canopy height vs. gdd","RE"
"season_4","PI329510",355.662024550101,11.8286371272824,0.306908677405785,0.987116251259233,"Bayesian logistic model of canopy height vs. gdd","RE"
"season_4","PI329511",358.33317266746,12.210868777882,0.308889571127051,0.989196550526364,"Bayesian logistic model of canopy height vs. gdd","RE"
"season_4","PI329517",334.920133885127,8.75511495436747,0.245450880203169,0.991572686607443,"Bayesian logistic model of canopy height vs. gdd","RE"
"season_4","PI329519",336.881349102246,10.3298498179987,0.264398481080131,0.990550718895002,"Bayesian logistic model of canopy height vs. gdd","RE"
"season_4","PI329545",328.226135740199,8.59971129260981,0.291635484592733,0.989711803041802,"Bayesian logistic model of canopy height vs. gdd","RE"
"season_4","PI329546",297.401978643833,10.3263044161562,0.245587964488534,0.990818598751416,"Bayesian logistic model of canopy height vs. gdd","RE"
"season_4","PI329550",322.533884145512,9.75245441681307,0.270158797519481,0.988311318462972,"Bayesian logistic model of canopy height vs. gdd","RE"
"season_4","PI329570",277.086168960858,7.97440248606116,0.235932782961111,0.964012183187205,"Bayesian logistic model of canopy height vs. gdd","RE"
"season_4","PI329584",340.507116832289,8.07755910713244,0.304488945201063,0.988869221317706,"Bayesian logistic model of canopy height vs. gdd","RE"
"season_4","PI329585",292.028260218837,6.69346029177031,0.261361654311523,0.981019510146792,"Bayesian logistic model of canopy height vs. gdd","RE"
"season_4","PI329605",322.219577877993,9.177566032078,0.253882709974866,0.972282829606351,"Bayesian logistic model of canopy height vs. gdd","RE"
"season_4","PI329614",272.036224568872,4.85693100160959,0.26716283956929,0.968140143445986,"Bayesian logistic model of canopy height vs. gdd","RE"
"season_4","PI329644",316.697118106258,9.2616401486701,0.269500344043,0.990613470124192,"Bayesian logistic model of canopy height vs. gdd","RE"
"season_4","PI329645",259.241440644158,1.25104928238504,0.427444235042334,0.960427376407871,"Bayesian logistic model of canopy height vs. gdd","RE"
"season_4","PI329646",372.618822198444,10.5422719671586,0.277927111603258,0.991103517174317,"Bayesian logistic model of canopy height vs. gdd","RE"
"season_4","PI329673",308.850453228331,4.82454010047192,0.345031352922516,0.990612526802827,"Bayesian logistic model of canopy height vs. gdd","RE"
"season_4","PI329699",349.741537042696,14.7509592793387,0.314610340216026,0.986201395473001,"Bayesian logistic model of canopy height vs. gdd","RE"
"season_4","PI329710",329.155412861844,7.16429328126893,0.334746830177203,0.990804955716184,"Bayesian logistic model of canopy height vs. gdd","RE"
"season_4","PI329711",281.751445387889,6.7534516730197,0.289280143573134,0.985123921397192,"Bayesian logistic model of canopy height vs. gdd","RE"
"season_4","PI329841",383.320927954487,11.5395364408372,0.338395529638785,0.987806373069703,"Bayesian logistic model of canopy height vs. gdd","RE"
"season_4","PI329843",310.007255211933,10.5697891352702,0.242921425502253,0.97792125352867,"Bayesian logistic model of canopy height vs. gdd","RE"
"season_4","PI329864",335.395024032111,9.71073747466249,0.273638850975556,0.993133866961663,"Bayesian logistic model of canopy height vs. gdd","RE"
"season_4","PI329865",349.102063621777,11.2617882830599,0.304357974609467,0.990783325327929,"Bayesian logistic model of canopy height vs. gdd","RE"
"season_4","PI330169",350.628884687482,13.2575133634879,0.284867115177193,0.98638787036991,"Bayesian logistic model of canopy height vs. gdd","RE"
"season_4","PI330181",380.04636253267,11.9624679888304,0.312470021075164,0.9928695829356,"Bayesian logistic model of canopy height vs. gdd","RE"
"season_4","PI330182",358.675105651139,9.05288358306011,0.387170111749643,0.990900327996356,"Bayesian logistic model of canopy height vs. gdd","RE"
"season_4","PI330184",302.508405356772,5.09316491167748,0.320260718191739,0.992019115938386,"Bayesian logistic model of canopy height vs. gdd","RE"
"season_4","PI330185",338.314165195666,7.86576433599283,0.357447815447853,0.994716509780071,"Bayesian logistic model of canopy height vs. gdd","RE"
"season_4","PI330195",333.520809169159,7.06601739945488,0.299895208082139,0.992518306115729,"Bayesian logistic model of canopy height vs. gdd","RE"
"season_4","PI330196",363.664868670017,11.8257034235309,0.288040663046526,0.987600031666048,"Bayesian logistic model of canopy height vs. gdd","RE"
"season_4","PI330199",365.391355407733,11.9513535883353,0.30652564416348,0.986568426981527,"Bayesian logistic model of canopy height vs. gdd","RE"
"season_4","PI330796",330.462702669679,6.91694025380833,0.288505305903329,0.987976949364323,"Bayesian logistic model of canopy height vs. gdd","RE"
"season_4","PI330803",320.184469158906,10.0107439646536,0.272554420656052,0.988371981611725,"Bayesian logistic model of canopy height vs. gdd","RE"
"season_4","PI330833",345.343620712942,12.004164268553,0.280621558729783,0.989489206752165,"Bayesian logistic model of canopy height vs. gdd","RE"
"season_4","PI330858",300.42664030448,7.03143716421506,0.294907258981488,0.987892588424245,"Bayesian logistic model of canopy height vs. gdd","RE"
"season_4","PI337680",276.610526610884,10.3148349526387,0.197982849354459,0.988743163044595,"Bayesian logistic model of canopy height vs. gdd","RE"
"season_4","PI337689",328.486998374663,15.8361179107611,0.240896076303632,0.979046782430691,"Bayesian logistic model of canopy height vs. gdd","RE"
"season_4","PI452542",355.545886671201,10.7974218825174,0.353484998523655,0.991349844627441,"Bayesian logistic model of canopy height vs. gdd","RE"
"season_4","PI452619",281.45541162134,6.44392136529899,0.339039513450789,0.990414809215757,"Bayesian logistic model of canopy height vs. gdd","RE"
"season_4","PI452692",370.167455222943,12.9077743978139,0.327901577759936,0.988548291664477,"Bayesian logistic model of canopy height vs. gdd","RE"
"season_4","PI453696",312.954663080254,9.53927355529332,0.289060198183686,0.970913867013968,"Bayesian logistic model of canopy height vs. gdd","RE"
"season_4","PI455217",329.246027161154,9.85240874028196,0.330149436810505,0.992798112560354,"Bayesian logistic model of canopy height vs. gdd","RE"
"season_4","PI455280",319.767689604843,7.16930348850613,0.32398131949026,0.994027295802517,"Bayesian logistic model of canopy height vs. gdd","RE"
"season_4","PI455301",359.384713626316,11.6831881195054,0.337561645393688,0.992170919974518,"Bayesian logistic model of canopy height vs. gdd","RE"
"season_4","PI455307",315.103251321719,8.04987231927409,0.303168154498595,0.986840403782026,"Bayesian logistic model of canopy height vs. gdd","RE"
"season_4","PI506030",326.094728923723,9.51154965212105,0.29119140168475,0.989049697922865,"Bayesian logistic model of canopy height vs. gdd","RE"
"season_4","PI511355",329.949203197984,8.20065913133832,0.331478860238124,0.991319601154206,"Bayesian logistic model of canopy height vs. gdd","RE"
"season_4","PI513898",275.654642600473,11.0292894136565,0.208782340691313,0.985672912843489,"Bayesian logistic model of canopy height vs. gdd","RE"
"season_4","PI514456",313.856691821824,7.991856146514,0.285730138009179,0.980304693075899,"Bayesian logistic model of canopy height vs. gdd","RE"
"season_4","PI521019",305.611375439405,12.8939940254533,0.229962586916285,0.982408996863253,"Bayesian logistic model of canopy height vs. gdd","RE"
"season_4","PI521152",366.223653249253,12.4381645567834,0.291538626630314,0.990101761802496,"Bayesian logistic model of canopy height vs. gdd","RE"
"season_4","PI521280",335.321020653611,11.1660943675131,0.290688919643537,0.991133965577179,"Bayesian logistic model of canopy height vs. gdd","RE"
"season_4","PI521290",378.581247995981,12.6322986054944,0.287106892211878,0.98680962472405,"Bayesian logistic model of canopy height vs. gdd","RE"
"season_4","PI524475",298.16435789888,9.22054141044973,0.252881587353328,0.953796527284825,"Bayesian logistic model of canopy height vs. gdd","RE"
"season_4","PI525049",319.596875736437,14.1795765588048,0.245690014330001,0.982834695402796,"Bayesian logistic model of canopy height vs. gdd","RE"
"season_4","PI526905",308.499953311331,23.1013713627955,0.154832357137649,0.9556916258996,"Bayesian logistic model of canopy height vs. gdd","RE"
"season_4","PI527045",294.434412744157,10.9940031937477,0.253370962823217,0.962468487868825,"Bayesian logistic model of canopy height vs. gdd","RE"
"season_4","PI533902",311.61583950743,15.9922800782958,0.209793518790247,0.958768058995462,"Bayesian logistic model of canopy height vs. gdd","RE"
"season_4","PI533998",287.260159798029,9.08703090498483,0.254398078211175,0.97510459877902,"Bayesian logistic model of canopy height vs. gdd","RE"
"season_4","PI534120",345.053905066766,16.6631907771899,0.161467246743649,0.988895515782652,"Bayesian logistic model of canopy height vs. gdd","RE"
"season_4","PI534165",140.740317339325,4.70073349254814,0.18986098223576,0.949956205376244,"Bayesian logistic model of canopy height vs. gdd","RE"
"season_4","PI535785",365.776083212231,14.249833520277,0.296278076919074,0.985488808076451,"Bayesian logistic model of canopy height vs. gdd","RE"
"season_4","PI535792",325.432242386692,12.872492637416,0.231386780855906,0.980966930398474,"Bayesian logistic model of canopy height vs. gdd","RE"
"season_4","PI535794",282.03227028336,6.5445358691611,0.267012255212929,0.953773459981747,"Bayesian logistic model of canopy height vs. gdd","RE"
"season_4","PI535795",303.697351774967,6.65675756895279,0.329603900430214,0.982652020816254,"Bayesian logistic model of canopy height vs. gdd","RE"
"season_4","PI535796",277.94283430618,6.1945736403881,0.342281958177697,0.979608201050897,"Bayesian logistic model of canopy height vs. gdd","RE"
"season_4","PI540518",295.752946444811,12.2952030535407,0.249052625548463,0.985697655768999,"Bayesian logistic model of canopy height vs. gdd","RE"
"season_4","PI562732",367.163550372917,15.5768615087146,0.298190557892515,0.985814135044088,"Bayesian logistic model of canopy height vs. gdd","RE"
"season_4","PI562781",317.915446570621,2.16920766186568,0.347941414091586,0.993013904108789,"Bayesian logistic model of canopy height vs. gdd","RE"
"season_4","PI562897",347.550357273981,13.2733713197806,0.275481367050764,0.98220745974703,"Bayesian logistic model of canopy height vs. gdd","RE"
"season_4","PI562970",305.86052649134,8.61556197001761,0.272747016008915,0.988596480050481,"Bayesian logistic model of canopy height vs. gdd","RE"
"season_4","PI562971",300.868483704357,12.8526064624903,0.214396306335062,0.978265849730402,"Bayesian logistic model of canopy height vs. gdd","RE"
"season_4","PI562981",267.303097384966,7.40400664922353,0.267189115767978,0.962787546707188,"Bayesian logistic model of canopy height vs. gdd","RE"
"season_4","PI562982",385.947888084622,15.4386807866013,0.271932357924111,0.980017203689738,"Bayesian logistic model of canopy height vs. gdd","RE"
"season_4","PI562985",300.993131123084,9.84664563033019,0.26345611526051,0.968627261450729,"Bayesian logistic model of canopy height vs. gdd","RE"
"season_4","PI562990",296.653351202902,9.39621087981316,0.240279565583526,0.988691572051254,"Bayesian logistic model of canopy height vs. gdd","RE"
"season_4","PI562991",272.775843009678,15.8346172844598,0.198916344555122,0.975625287785954,"Bayesian logistic model of canopy height vs. gdd","RE"
"season_4","PI562994",306.147859957738,10.21411103696,0.263400185125948,0.979715218423384,"Bayesian logistic model of canopy height vs. gdd","RE"
"season_4","PI562997",283.098073807153,5.08288305095817,0.297230661406179,0.98332716350204,"Bayesian logistic model of canopy height vs. gdd","RE"
"season_4","PI563002",244.691524247413,5.57156608564177,0.240047069057897,0.99058180595027,"Bayesian logistic model of canopy height vs. gdd","RE"
"season_4","PI563009",388.671846411933,14.5526416152164,0.255789352124519,0.989358293364995,"Bayesian logistic model of canopy height vs. gdd","RE"
"season_4","PI563020",360.772247059244,17.3924577356076,0.250850237080701,0.985975234201433,"Bayesian logistic model of canopy height vs. gdd","RE"
"season_4","PI563021",286.462513320453,6.87342878262256,0.281480686024292,0.98973487728986,"Bayesian logistic model of canopy height vs. gdd","RE"
"season_4","PI563022",330.304947134525,15.725181590655,0.222493125300667,0.980790156835973,"Bayesian logistic model of canopy height vs. gdd","RE"
"season_4","PI563032",331.257453792994,9.32534951598656,0.299514479598942,0.987435503702811,"Bayesian logistic model of canopy height vs. gdd","RE"
"season_4","PI563196",336.772184092902,12.9280344901694,0.300784206193899,0.994374917805958,"Bayesian logistic model of canopy height vs. gdd","RE"
"season_4","PI563329",370.532242965968,12.3245100245972,0.352307076119856,0.989939217824117,"Bayesian logistic model of canopy height vs. gdd","RE"
"season_4","PI563332",347.324555295396,11.1682844672908,0.331428236869644,0.989524782925917,"Bayesian logistic model of canopy height vs. gdd","RE"
"season_4","PI563338",354.612317548934,14.3433777657008,0.26814400118889,0.96703539256903,"Bayesian logistic model of canopy height vs. gdd","RE"
"season_4","PI563350",264.532889518167,6.08558386414833,0.273790135210575,0.9868117087361,"Bayesian logistic model of canopy height vs. gdd","RE"
"season_4","PI563355",326.10951138756,6.30909922791733,0.33151252824048,0.977951236269191,"Bayesian logistic model of canopy height vs. gdd","RE"
"season_4","PI564163",141.332344178749,2.15846885531406,0.222264176299561,0.990041554638775,"Bayesian logistic model of canopy height vs. gdd","RE"
"season_4","PI566819",298.678042196873,7.68665201615499,0.35636899957786,0.987285899213481,"Bayesian logistic model of canopy height vs. gdd","RE"
"season_4","PI569097",350.791765031432,10.0016744778048,0.33216700684119,0.989286037718363,"Bayesian logistic model of canopy height vs. gdd","RE"
"season_4","PI569148",353.526375599001,10.6516407648471,0.314169017483045,0.988132992515348,"Bayesian logistic model of canopy height vs. gdd","RE"
"season_4","PI569244",292.258552914662,10.9566800255305,0.296413069982469,0.98856705088391,"Bayesian logistic model of canopy height vs. gdd","RE"
"season_4","PI569264",357.593162442146,11.7332590361574,0.300606607985893,0.991242914044698,"Bayesian logistic model of canopy height vs. gdd","RE"
"season_4","PI569418",304.443465379763,10.0243770761811,0.229370958255689,0.987100386054042,"Bayesian logistic model of canopy height vs. gdd","RE"
"season_4","PI569419",300.637197085509,4.71389838604208,0.303073392062073,0.992066100771051,"Bayesian logistic model of canopy height vs. gdd","RE"
"season_4","PI569420",363.036900284687,10.2439490115531,0.264181040806394,0.976262460226904,"Bayesian logistic model of canopy height vs. gdd","RE"
"season_4","PI569422",320.084676186136,9.13786887050328,0.260893555132222,0.961843027158799,"Bayesian logistic model of canopy height vs. gdd","RE"
"season_4","PI569427",324.310334341042,12.8870536521749,0.227390799599448,0.98419058089515,"Bayesian logistic model of canopy height vs. gdd","RE"
"season_4","PI569443",280.513500462849,7.56778537771314,0.240389330693041,0.971330900502737,"Bayesian logistic model of canopy height vs. gdd","RE"
"season_4","PI569445",275.03858146202,1.84751779902444,0.370851139196147,0.989449498230741,"Bayesian logistic model of canopy height vs. gdd","RE"
"season_4","PI569447",355.515690885108,10.9007613537948,0.26709176717718,0.987576191944573,"Bayesian logistic model of canopy height vs. gdd","RE"
"season_4","PI569453",339.222209310483,10.68230237168,0.24793296644259,0.986750369318629,"Bayesian logistic model of canopy height vs. gdd","RE"
"season_4","PI569455",324.105398237021,12.1925907953239,0.251298446436289,0.986182580925738,"Bayesian logistic model of canopy height vs. gdd","RE"
"season_4","PI569457",217.942994831054,9.99965086920831,0.183630945499264,0.968919029208116,"Bayesian logistic model of canopy height vs. gdd","RE"
"season_4","PI569458",343.02790030706,9.48596183016183,0.261879211464236,0.980050021609869,"Bayesian logistic model of canopy height vs. gdd","RE"
"season_4","PI569465",316.776010286381,7.7245561330754,0.263459795204167,0.976267704152464,"Bayesian logistic model of canopy height vs. gdd","RE"
"season_4","PI569886",351.115052842552,9.59687100111348,0.277690945893551,0.991675275474843,"Bayesian logistic model of canopy height vs. gdd","RE"
"season_4","PI570031",316.182505369182,9.28694581124589,0.285180178442542,0.987732893440458,"Bayesian logistic model of canopy height vs. gdd","RE"
"season_4","PI570042",306.03667670034,8.36825903115101,0.265030993510907,0.977708186921413,"Bayesian logistic model of canopy height vs. gdd","RE"
"season_4","PI570071",191.867432246076,6.26715940139847,0.185951389646644,0.984769384179187,"Bayesian logistic model of canopy height vs. gdd","RE"
"season_4","PI570073",347.491777907375,19.1764502811619,0.176310517049192,0.991591631609635,"Bayesian logistic model of canopy height vs. gdd","RE"
"season_4","PI570074",318.578242807175,10.3087418598103,0.246479626831776,0.989008499504862,"Bayesian logistic model of canopy height vs. gdd","RE"
"season_4","PI570075",260.026548970683,8.59988122439959,0.223524421447832,0.993529370701104,"Bayesian logistic model of canopy height vs. gdd","RE"
"season_4","PI570076",321.817779736619,7.82502194411282,0.289298625608073,0.988895087928026,"Bayesian logistic model of canopy height vs. gdd","RE"
"season_4","PI570085",349.170678471935,9.71879967353874,0.295660450606619,0.987747040049194,"Bayesian logistic model of canopy height vs. gdd","RE"
"season_4","PI570087",318.097946915248,11.9118985435819,0.227213435761485,0.985502407658086,"Bayesian logistic model of canopy height vs. gdd","RE"
"season_4","PI570090",357.988888480253,14.6497946478438,0.2422681369897,0.985062888513509,"Bayesian logistic model of canopy height vs. gdd","RE"
"season_4","PI570091",361.684895113969,11.9561552723889,0.244567394840249,0.991656891793057,"Bayesian logistic model of canopy height vs. gdd","RE"
"season_4","PI570096",340.262749671291,9.88956588612177,0.286158384660288,0.987901835132626,"Bayesian logistic model of canopy height vs. gdd","RE"
"season_4","PI570106",260.593078015252,7.215488890152,0.21947047658208,0.974061520422917,"Bayesian logistic model of canopy height vs. gdd","RE"
"season_4","PI570110",293.820584425879,9.17831412345969,0.260773944872532,0.991087406525285,"Bayesian logistic model of canopy height vs. gdd","RE"
"season_4","PI570114",265.462295505492,4.53335695982902,0.27015922536259,0.986206357317876,"Bayesian logistic model of canopy height vs. gdd","RE"
"season_4","PI570145",343.612719218455,10.5934419878301,0.294247414764158,0.980940728028131,"Bayesian logistic model of canopy height vs. gdd","RE"
"season_4","PI570373",300.41604669205,10.4871052209751,0.233779520079893,0.98236053615527,"Bayesian logistic model of canopy height vs. gdd","RE"
"season_4","PI570388",351.895975612203,12.8233321112252,0.309211995742269,0.986116041043217,"Bayesian logistic model of canopy height vs. gdd","RE"
"season_4","PI570400",332.535472563812,9.19833117473056,0.270623289247295,0.98490817185697,"Bayesian logistic model of canopy height vs. gdd","RE"
"season_4","PI570431",356.597349663929,12.9389079034346,0.290273417326726,0.986280318780415,"Bayesian logistic model of canopy height vs. gdd","RE"
"season_4","PI573193",380.208588769933,8.81268555545893,0.329624106984463,0.993925563770181,"Bayesian logistic model of canopy height vs. gdd","RE"
"season_4","PI576401",296.255416885779,15.1402489064996,0.198747360664795,0.957920624345615,"Bayesian logistic model of canopy height vs. gdd","RE"
"season_4","PI583832",341.439524654571,10.1211953734768,0.304594890649899,0.990012800314553,"Bayesian logistic model of canopy height vs. gdd","RE"
"season_4","PI585406",359.173155768708,12.1399439960579,0.27589467031093,0.98981975501383,"Bayesian logistic model of canopy height vs. gdd","RE"
"season_4","PI585452",322.406735842732,11.2361233763415,0.247538990350902,0.981435010207009,"Bayesian logistic model of canopy height vs. gdd","RE"
"season_4","PI585454",319.671921611388,7.18439654884719,0.27477222648824,0.968309571569665,"Bayesian logistic model of canopy height vs. gdd","RE"
"season_4","PI585461",215.99445759872,2.8993771643149,0.276201242146945,0.986659146263561,"Bayesian logistic model of canopy height vs. gdd","RE"
"season_4","PI585467",300.55536607334,8.25552982678241,0.262251333293059,0.983321029701176,"Bayesian logistic model of canopy height vs. gdd","RE"
"season_4","PI585577",339.293664848555,10.3340892474046,0.287583563221309,0.986628134256791,"Bayesian logistic model of canopy height vs. gdd","RE"
"season_4","PI585608",328.746978302468,10.7240717367455,0.294938236847639,0.993038334672079,"Bayesian logistic model of canopy height vs. gdd","RE"
"season_4","PI585961",321.061815445645,16.2221027269314,0.22853770019494,0.976833372917587,"Bayesian logistic model of canopy height vs. gdd","RE"
"season_4","PI585966",290.208708052338,12.9687580944981,0.205418391206183,0.972557134609939,"Bayesian logistic model of canopy height vs. gdd","RE"
"season_4","PI586435",283.92394194092,5.68933569398234,0.338835012665967,0.985014485789461,"Bayesian logistic model of canopy height vs. gdd","RE"
"season_4","PI586541",328.313537562885,6.83715581758668,0.362338700589398,0.994012646367798,"Bayesian logistic model of canopy height vs. gdd","RE"
"season_4","PI593916",348.028185360255,12.8090629039033,0.220786098552824,0.991177567973371,"Bayesian logistic model of canopy height vs. gdd","RE"
"season_4","PI619807",356.190244686299,15.3937727161223,0.253150811280019,0.982403392049219,"Bayesian logistic model of canopy height vs. gdd","RE"
"season_4","PI619838",319.895856555708,11.5536836109914,0.243620654772866,0.97251667190518,"Bayesian logistic model of canopy height vs. gdd","RE"
"season_4","PI620072",358.874521896514,11.1391305608578,0.286978109709008,0.985458621524646,"Bayesian logistic model of canopy height vs. gdd","RE"
"season_4","PI620157",326.745693515222,12.3997705614029,0.277970609423613,0.971867687029735,"Bayesian logistic model of canopy height vs. gdd","RE"
"season_4","PI63715",297.279438297108,6.22752404019155,0.336730894840482,0.990591444803545,"Bayesian logistic model of canopy height vs. gdd","RE"
"season_4","PI641810",277.557198768496,6.54764903281624,0.322420779654022,0.98529480152697,"Bayesian logistic model of canopy height vs. gdd","RE"
"season_4","PI641815",261.24786024168,2.43311931366561,0.391537744856647,0.999241166443488,"Bayesian logistic model of canopy height vs. gdd","RE"
"season_4","PI641817",294.586380407572,8.44869601218763,0.303851471726374,0.987513762483372,"Bayesian logistic model of canopy height vs. gdd","RE"
"season_4","PI641821",272.130764057768,4.02994642535522,0.350435950758577,0.991190738708264,"Bayesian logistic model of canopy height vs. gdd","RE"
"season_4","PI641824",282.743966616426,3.25765688417348,0.409295824406205,0.999011398790887,"Bayesian logistic model of canopy height vs. gdd","RE"
"season_4","PI641829",308.601119912867,6.82980013336975,0.351606280574879,0.996974648183888,"Bayesian logistic model of canopy height vs. gdd","RE"
"season_4","PI641830",294.319700147747,12.733379290678,0.276129863609408,0.967809347013395,"Bayesian logistic model of canopy height vs. gdd","RE"
"season_4","PI641835",321.596457753109,6.95754671567624,0.338520873284912,0.994977247400509,"Bayesian logistic model of canopy height vs. gdd","RE"
"season_4","PI641850",374.227752947444,11.0910705631036,0.340867678091265,0.989654927246038,"Bayesian logistic model of canopy height vs. gdd","RE"
"season_4","PI641860",334.390284520471,7.67617488662374,0.345995134182792,0.99355379503871,"Bayesian logistic model of canopy height vs. gdd","RE"
"season_4","PI641862",305.45384342703,4.22188514682211,0.43101079188958,0.989049615347455,"Bayesian logistic model of canopy height vs. gdd","RE"
"season_4","PI641892",336.279241193255,7.74353343024042,0.338224625913099,0.992376062135771,"Bayesian logistic model of canopy height vs. gdd","RE"
"season_4","PI641909",317.153731728161,12.151547904376,0.275069516640183,0.986557696158066,"Bayesian logistic model of canopy height vs. gdd","RE"
"season_4","PI643008",296.060399907507,6.65628234473087,0.344236143313938,0.995320332028302,"Bayesian logistic model of canopy height vs. gdd","RE"
"season_4","PI643016",344.19902321487,10.661678101935,0.314015766577575,0.989975883503441,"Bayesian logistic model of canopy height vs. gdd","RE"
"season_4","PI646242",316.470722957467,9.72811861020291,0.272200593019135,0.990248065935326,"Bayesian logistic model of canopy height vs. gdd","RE"
"season_4","PI646251",322.354950283185,9.6182097640828,0.258464509439955,0.987948775342601,"Bayesian logistic model of canopy height vs. gdd","RE"
"season_4","PI646266",303.927577173969,7.80863107845997,0.295935242450772,0.988114406646508,"Bayesian logistic model of canopy height vs. gdd","RE"
"season_4","PI651491",304.450551982405,8.55428103149952,0.301692824991578,0.986995200567457,"Bayesian logistic model of canopy height vs. gdd","RE"
"season_4","PI651495",314.391380423928,6.78643149860974,0.352332252288401,0.991799399538045,"Bayesian logistic model of canopy height vs. gdd","RE"
"season_4","PI651497",376.62275501159,12.1539693072736,0.309676178928749,0.98815980665244,"Bayesian logistic model of canopy height vs. gdd","RE"
"season_4","PI653616",346.5706900719,9.21588442725506,0.330754371897481,0.986137625132184,"Bayesian logistic model of canopy height vs. gdd","RE"
"season_4","PI653617",328.590855946007,6.8543881877524,0.401252854265559,0.98383640144385,"Bayesian logistic model of canopy height vs. gdd","RE"
"season_4","PI655978",312.117061747113,9.20157618845452,0.236686309337197,0.987768147176229,"Bayesian logistic model of canopy height vs. gdd","RE"
"season_4","PI656015",243.152845399754,5.20293659727013,0.315412351053764,0.938948477418021,"Bayesian logistic model of canopy height vs. gdd","RE"
"season_4","PI656035",314.477255471551,4.35585882315409,0.389380601672239,0.993070128793409,"Bayesian logistic model of canopy height vs. gdd","RE"
"season_4","PI656065",299.969134118334,9.94752452857,0.291087987518488,0.968304414843993,"Bayesian logistic model of canopy height vs. gdd","RE"
"season_4","PI92270",259.052370951257,3.78303340372736,0.433120215967433,0.980156052242564,"Bayesian logistic model of canopy height vs. gdd","RE"
"season_6","PI144134",299.551831141285,1.99822561593814,0.400702335242478,0.99711971270188,"Bayesian logistic model of canopy height vs. gdd","RE"
"season_6","PI145619",285.948918254719,3.15645828748792,0.359086611758632,0.993469082962199,"Bayesian logistic model of canopy height vs. gdd","RE"
"season_6","PI145626",298.48171216734,2.92778113317795,0.371565889494753,0.993635726959499,"Bayesian logistic model of canopy height vs. gdd","RE"
"season_6","PI145633",298.53807267064,2.08046118641254,0.415484065756958,0.990862669277273,"Bayesian logistic model of canopy height vs. gdd","RE"
"season_6","PI146890",297.366226240315,2.1152294919096,0.424034685848466,0.996498904251575,"Bayesian logistic model of canopy height vs. gdd","RE"
"season_6","PI152591",305.467761787701,2.44110872663403,0.359634069913384,0.980820027574257,"Bayesian logistic model of canopy height vs. gdd","RE"
"season_6","PI152651",210.527533960529,1.28206325269557,0.337060079931974,0.995616518621961,"Bayesian logistic model of canopy height vs. gdd","RE"
"season_6","PI152694",273.17052516294,1.72704900122149,0.415457893150443,0.999030357356751,"Bayesian logistic model of canopy height vs. gdd","RE"
"season_6","PI152727",277.056729493661,2.94882692373349,0.350523806159375,0.989434780966355,"Bayesian logistic model of canopy height vs. gdd","RE"
"season_6","PI152733",320.397339981683,2.10382107665499,0.480854145412679,0.994518551754996,"Bayesian logistic model of canopy height vs. gdd","RE"
"season_6","PI152771",229.834948531816,1.9312768969164,0.339178592342095,0.938502123477066,"Bayesian logistic model of canopy height vs. gdd","RE"
"season_6","PI152816",294.374198252661,3.99950505542077,0.341338748905632,0.99121519884651,"Bayesian logistic model of canopy height vs. gdd","RE"
"season_6","PI152828",321.413656760905,3.22640094514224,0.383587983424217,0.973020145870464,"Bayesian logistic model of canopy height vs. gdd","RE"
"season_6","PI152860",297.623664354332,1.84303105919425,0.40989403138209,0.992432707337882,"Bayesian logistic model of canopy height vs. gdd","RE"
"season_6","PI152862",324.843837642451,1.79692514830737,0.429034471395331,0.997635950816454,"Bayesian logistic model of canopy height vs. gdd","RE"
"season_6","PI152923",249.299007437866,2.58535180639085,0.328052243519817,0.988971579852403,"Bayesian logistic model of canopy height vs. gdd","RE"
"season_6","PI152961",280.40029228648,2.64485150540966,0.384735303328653,0.997571019552315,"Bayesian logistic model of canopy height vs. gdd","RE"
"season_6","PI152965",321.474192351489,1.66049858336256,0.435696214957454,0.979989236303266,"Bayesian logistic model of canopy height vs. gdd","RE"
"season_6","PI152966",310.284924396964,2.80559924474632,0.379419215685567,0.9917185089602,"Bayesian logistic model of canopy height vs. gdd","RE"
"season_6","PI152967",282.88973260949,2.58890799826924,0.382244808866735,0.994797967389032,"Bayesian logistic model of canopy height vs. gdd","RE"
"season_6","PI152971",316.063338724826,1.69525595629691,0.456554454030542,0.991047480732627,"Bayesian logistic model of canopy height vs. gdd","RE"
"season_6","PI153877",273.850205624385,2.58959238716419,0.344971531816208,0.996914110118984,"Bayesian logistic model of canopy height vs. gdd","RE"
"season_6","PI154846",337.250546790701,4.0127904986322,0.393345887290637,0.944174486257711,"Bayesian logistic model of canopy height vs. gdd","RE"
"season_6","PI154944",265.308169156789,3.21848543560783,0.337423513819491,0.996000538008986,"Bayesian logistic model of canopy height vs. gdd","RE"
"season_6","PI154987",257.196395415439,1.38807478348337,0.418042220963278,0.993210265295778,"Bayesian logistic model of canopy height vs. gdd","RE"
"season_6","PI154988",253.272390134418,3.48115864867199,0.316638178828491,0.983196337273015,"Bayesian logistic model of canopy height vs. gdd","RE"
"season_6","PI155516",271.125461341789,2.36035286135357,0.36667310021689,0.996536331902526,"Bayesian logistic model of canopy height vs. gdd","RE"
"season_6","PI155760",341.706879993402,2.78407875020465,0.44702056051799,0.987699582805296,"Bayesian logistic model of canopy height vs. gdd","RE"
"season_6","PI155885",266.953986498948,3.52131400630074,0.309486219602561,0.993544149971846,"Bayesian logistic model of canopy height vs. gdd","RE"
"season_6","PI156178",284.638230308375,3.69484501405734,0.336303720744538,0.996198836517143,"Bayesian logistic model of canopy height vs. gdd","RE"
"season_6","PI156217",356.946519153,4.41081567456541,0.381367048773626,0.966535742050466,"Bayesian logistic model of canopy height vs. gdd","RE"
"season_6","PI156326",245.626513386618,1.90433583185999,0.334197880443948,0.982490747899132,"Bayesian logistic model of canopy height vs. gdd","RE"
"season_6","PI156330",259.23807809217,2.46055315450499,0.327090057386783,0.997270297638627,"Bayesian logistic model of canopy height vs. gdd","RE"
"season_6","PI156393",282.251246796316,1.83656906997382,0.393201516222924,0.998528218712947,"Bayesian logistic model of canopy height vs. gdd","RE"
"season_6","PI156463",274.069652141353,4.24621938525312,0.320898478527703,0.957203453424359,"Bayesian logistic model of canopy height vs. gdd","RE"
"season_6","PI156487",258.166376785505,1.43195883994207,0.387180564324672,0.974405406446537,"Bayesian logistic model of canopy height vs. gdd","RE"
"season_6","PI156871",366.108647316872,5.19084076011966,0.370260180878443,0.96158396973173,"Bayesian logistic model of canopy height vs. gdd","RE"
"season_6","PI156890",275.058221173149,1.95645513323922,0.384984711106789,0.989259804566526,"Bayesian logistic model of canopy height vs. gdd","RE"
"season_6","PI157030",278.428468634112,4.39017912832329,0.31217203390137,0.994160388611322,"Bayesian logistic model of canopy height vs. gdd","RE"
"season_6","PI157035",279.128608688533,3.02933654666743,0.359449955868735,0.989029114006262,"Bayesian logistic model of canopy height vs. gdd","RE"
"season_6","PI157804",281.912931689453,0.699233015008731,0.514305769054853,0.986517134389323,"Bayesian logistic model of canopy height vs. gdd","RE"
"season_6","PI167093",298.484493363592,1.31558829172073,0.442638961324468,0.976131777803146,"Bayesian logistic model of canopy height vs. gdd","RE"
"season_6","PI170787",298.702648195814,1.77557984835337,0.399332184735842,0.978218936415573,"Bayesian logistic model of canopy height vs. gdd","RE"
"season_6","PI175919",339.01702489511,2.91899702589547,0.458339025671522,0.993775170709355,"Bayesian logistic model of canopy height vs. gdd","RE"
"season_6","PI176766",351.097286576176,2.05202507243139,0.555687129978705,0.997144271229125,"Bayesian logistic model of canopy height vs. gdd","RE"
"season_6","PI179749",284.397309428802,1.05947647126391,0.463300394976558,0.989279725273781,"Bayesian logistic model of canopy height vs. gdd","RE"
"season_6","PI180348",257.368078776771,3.87529515833521,0.323570189782985,0.981666378425707,"Bayesian logistic model of canopy height vs. gdd","RE"
"season_6","PI196049",357.7334374522,3.64697684960677,0.402609676208373,0.991906563866447,"Bayesian logistic model of canopy height vs. gdd","RE"
"season_6","PI196583",284.866479008952,1.77631608473094,0.390103498226684,0.998597214274727,"Bayesian logistic model of canopy height vs. gdd","RE"
"season_6","PI196586",287.790131791405,2.46825235094326,0.431419381129271,0.983513393430868,"Bayesian logistic model of canopy height vs. gdd","RE"
"season_6","PI196598",284.658023418335,2.60161151541799,0.406264660592635,0.995620633385473,"Bayesian logistic model of canopy height vs. gdd","RE"
"season_6","PI197542",297.867745094289,3.1559107628074,0.409425270461622,0.996784946964682,"Bayesian logistic model of canopy height vs. gdd","RE"
"season_6","PI19770",310.723626521138,2.3418580724758,0.426919326823007,0.995434864451282,"Bayesian logistic model of canopy height vs. gdd","RE"
"season_6","PI217691",245.137007183539,2.78255770370283,0.33864605748516,0.996765190186343,"Bayesian logistic model of canopy height vs. gdd","RE"
"season_6","PI218112",215.807168410545,1.01193624348784,0.445887347599186,0.996892786813499,"Bayesian logistic model of canopy height vs. gdd","RE"
"season_6","PI221548",320.066112301941,1.44357024794093,0.433479425575294,0.984992027755457,"Bayesian logistic model of canopy height vs. gdd","RE"
"season_6","PI221651",214.090718767492,3.00782769743777,0.278609388222684,0.987253561846276,"Bayesian logistic model of canopy height vs. gdd","RE"
"season_6","PI251672",302.239921471674,2.63913146697304,0.413058929199027,0.992825860331001,"Bayesian logistic model of canopy height vs. gdd","RE"
"season_6","PI257599",265.446150954956,3.21124010021371,0.351183846652318,0.996493930036778,"Bayesian logistic model of canopy height vs. gdd","RE"
"season_6","PI257600",296.766694804599,2.23501693046221,0.40457150870266,0.996765312604072,"Bayesian logistic model of canopy height vs. gdd","RE"
"season_6","PI266927",306.442301206469,1.78704460442779,0.409213806594674,0.983690508035744,"Bayesian logistic model of canopy height vs. gdd","RE"
"season_6","PI267573",246.453532860528,2.10880961223234,0.335927924022011,0.993390840948318,"Bayesian logistic model of canopy height vs. gdd","RE"
"season_6","PI273969",289.705474400583,1.69745150723858,0.433009813414662,0.999408669563081,"Bayesian logistic model of canopy height vs. gdd","RE"
"season_6","PI276837",345.073187820412,6.94986311435045,0.323569651713338,0.924720104966393,"Bayesian logistic model of canopy height vs. gdd","RE"
"season_6","PI302252",308.301055523941,3.20480948088522,0.362435160890118,0.997336093230279,"Bayesian logistic model of canopy height vs. gdd","RE"
"season_6","PI303658",335.803924428295,1.91037734572873,0.467135221476526,0.954927377915852,"Bayesian logistic model of canopy height vs. gdd","RE"
"season_6","PI329256",263.389358765173,2.08870063680913,0.363648832750181,0.9885247731565,"Bayesian logistic model of canopy height vs. gdd","RE"
"season_6","PI329286",265.608834191001,4.27109180707898,0.278667038988279,0.985012365275789,"Bayesian logistic model of canopy height vs. gdd","RE"
"season_6","PI329300",305.485284501807,3.18003687731556,0.397919664988658,0.996197440847794,"Bayesian logistic model of canopy height vs. gdd","RE"
"season_6","PI329301",301.992547492506,2.93249686309828,0.390540131684157,0.997600179974702,"Bayesian logistic model of canopy height vs. gdd","RE"
"season_6","PI329310",356.3090255555,4.35380567652731,0.429418319541338,0.988910719047864,"Bayesian logistic model of canopy height vs. gdd","RE"
"season_6","PI329319",356.068868311455,2.36039019662891,0.437096391112935,0.97929653535566,"Bayesian logistic model of canopy height vs. gdd","RE"
"season_6","PI329326",255.433465255105,0.908709549522233,0.420655556258106,0.993349064211094,"Bayesian logistic model of canopy height vs. gdd","RE"
"season_6","PI329333",279.997043664645,2.40397975860194,0.368243363436188,0.998177487642094,"Bayesian logistic model of canopy height vs. gdd","RE"
"season_6","PI329338",263.031685080113,0.887203688025565,0.403189188103925,0.985064041115005,"Bayesian logistic model of canopy height vs. gdd","RE"
"season_6","PI329351",275.020396458852,3.55475277643876,0.329141259586847,0.98708347024626,"Bayesian logistic model of canopy height vs. gdd","RE"
"season_6","PI329394",297.163297800312,2.76772072231772,0.383511157034313,0.99027529474733,"Bayesian logistic model of canopy height vs. gdd","RE"
"season_6","PI329403",308.469165003551,3.11716394782144,0.388247145914392,0.99183949623317,"Bayesian logistic model of canopy height vs. gdd","RE"
"season_6","PI329435",317.943910470876,4.84068910707841,0.300653448988531,0.955748338378265,"Bayesian logistic model of canopy height vs. gdd","RE"
"season_6","PI329465",299.551314734284,1.48033941602707,0.41376822671612,0.950126945522722,"Bayesian logistic model of canopy height vs. gdd","RE"
"season_6","PI329466",297.673937625067,1.9170271136338,0.384496399128106,0.987570349213325,"Bayesian logistic model of canopy height vs. gdd","RE"
"season_6","PI329471",237.972696098886,4.61485773478382,0.262650772712462,0.996162494606632,"Bayesian logistic model of canopy height vs. gdd","RE"
"season_6","PI329478",258.76821568322,1.12650565583657,0.393278631455121,0.986974832491084,"Bayesian logistic model of canopy height vs. gdd","RE"
"season_6","PI329480",297.155706642504,3.75686755122028,0.340858476263245,0.982830574845267,"Bayesian logistic model of canopy height vs. gdd","RE"
"season_6","PI329501",291.354806477749,4.42524168004983,0.441417020370317,0.997027905771844,"Bayesian logistic model of canopy height vs. gdd","RE"
"season_6","PI329506",249.279688707164,2.21035139058338,0.326151026703563,0.978060495171899,"Bayesian logistic model of canopy height vs. gdd","RE"
"season_6","PI329510",309.1101575924,2.83448791651642,0.400953077930429,0.998626285908716,"Bayesian logistic model of canopy height vs. gdd","RE"
"season_6","PI329511",286.930208101794,2.94744182692156,0.375169795814187,0.99741910116358,"Bayesian logistic model of canopy height vs. gdd","RE"
"season_6","PI329517",314.747629191852,1.82238923772506,0.407067265905836,0.978545599502332,"Bayesian logistic model of canopy height vs. gdd","RE"
"season_6","PI329518",234.904651615366,2.78348195148509,0.262160801682928,0.987436145451703,"Bayesian logistic model of canopy height vs. gdd","RE"
"season_6","PI329519",241.88007149486,2.29807019066582,0.30245222984164,0.996065492850607,"Bayesian logistic model of canopy height vs. gdd","RE"
"season_6","PI329545",269.551259598637,2.35876431091857,0.357207435095153,0.984243150860958,"Bayesian logistic model of canopy height vs. gdd","RE"
"season_6","PI329546",265.874906803818,3.08460097701476,0.332216479772709,0.963331087997525,"Bayesian logistic model of canopy height vs. gdd","RE"
"season_6","PI329550",225.14621010187,3.39733622235232,0.262865307194541,0.979457135235704,"Bayesian logistic model of canopy height vs. gdd","RE"
"season_6","PI329570",271.757067768114,1.91369116330949,0.358715905597491,0.980590516449585,"Bayesian logistic model of canopy height vs. gdd","RE"
"season_6","PI329584",307.32676041586,1.83123418744716,0.433735428265152,0.996942858028849,"Bayesian logistic model of canopy height vs. gdd","RE"
"season_6","PI329585",306.847344067784,5.29365402359868,0.291554467205504,0.987343856010718,"Bayesian logistic model of canopy height vs. gdd","RE"
"season_6","PI329605",341.297806687154,3.11431827612803,0.400251082576084,0.980302590307167,"Bayesian logistic model of canopy height vs. gdd","RE"
"season_6","PI329614",340.52673067057,3.69289422499012,0.339568614181859,0.9863853217261,"Bayesian logistic model of canopy height vs. gdd","RE"
"season_6","PI329644",263.639196520974,0.477756591977225,0.435025952065746,0.972483312033907,"Bayesian logistic model of canopy height vs. gdd","RE"
"season_6","PI329645",215.821232446501,2.35241019587611,0.277192260598713,0.97311018153858,"Bayesian logistic model of canopy height vs. gdd","RE"
"season_6","PI329646",285.017796802403,2.93807018018371,0.335253394305785,0.976018841895555,"Bayesian logistic model of canopy height vs. gdd","RE"
"season_6","PI329673",286.378668510887,3.81959371477339,0.33131281084154,0.996686048336598,"Bayesian logistic model of canopy height vs. gdd","RE"
"season_6","PI329699",358.258703262443,3.70751477018212,0.437584929988394,0.996501238514225,"Bayesian logistic model of canopy height vs. gdd","RE"
"season_6","PI329702",306.771852039213,2.27201813326574,0.38656860567563,0.990374154846278,"Bayesian logistic model of canopy height vs. gdd","RE"
"season_6","PI329710",292.31623140725,2.40598131684473,0.389675267444591,0.997279287601907,"Bayesian logistic model of canopy height vs. gdd","RE"
"season_6","PI329711",245.55017632002,3.89329711276589,0.277706651981584,0.996477281142707,"Bayesian logistic model of canopy height vs. gdd","RE"
"season_6","PI329841",382.670335905138,5.59234007669076,0.395786854219236,0.882599896055421,"Bayesian logistic model of canopy height vs. gdd","RE"
"season_6","PI329843",252.271058725434,1.22435838410217,0.403298530842881,0.994091638772433,"Bayesian logistic model of canopy height vs. gdd","RE"
"season_6","PI329864",292.452702560615,3.83472270225724,0.340113353210561,0.997220374166185,"Bayesian logistic model of canopy height vs. gdd","RE"
"season_6","PI329865",349.342535062794,3.59364273221584,0.41464287631597,0.993547747783499,"Bayesian logistic model of canopy height vs. gdd","RE"
"season_6","PI330169",306.961363249954,1.20178316519018,0.471399539771207,0.997987974335431,"Bayesian logistic model of canopy height vs. gdd","RE"
"season_6","PI330181",351.810141528579,2.95194989827123,0.438275058712093,0.998330276654711,"Bayesian logistic model of canopy height vs. gdd","RE"
"season_6","PI330182",314.689413095224,2.24856718258714,0.447421936485977,0.998340024745345,"Bayesian logistic model of canopy height vs. gdd","RE"
"season_6","PI330184",269.756331989969,2.79453811008624,0.323334385576637,0.994217059179004,"Bayesian logistic model of canopy height vs. gdd","RE"
"season_6","PI330185",369.187856398336,4.40810954555683,0.4183574491174,0.983580856765075,"Bayesian logistic model of canopy height vs. gdd","RE"
"season_6","PI330195",255.596587324037,2.56850965299868,0.319080020580137,0.983974693757857,"Bayesian logistic model of canopy height vs. gdd","RE"
"season_6","PI330196",284.167941110748,2.17013359286653,0.374352477345148,0.978029012196998,"Bayesian logistic model of canopy height vs. gdd","RE"
"season_6","PI330199",291.206545260129,1.84980378117741,0.399885694836026,0.998934142384267,"Bayesian logistic model of canopy height vs. gdd","RE"
"season_6","PI330796",283.495607898364,2.84588288405543,0.328428277559927,0.993615086931651,"Bayesian logistic model of canopy height vs. gdd","RE"
"season_6","PI330803",275.783548514767,4.78678132049649,0.294204482190468,0.992822377236846,"Bayesian logistic model of canopy height vs. gdd","RE"
"season_6","PI330833",366.5530994145,3.26795931334914,0.453267686129015,0.997136451557459,"Bayesian logistic model of canopy height vs. gdd","RE"
"season_6","PI330858",265.825691458079,2.20521955803686,0.352336751635419,0.997114775546326,"Bayesian logistic model of canopy height vs. gdd","RE"
"season_6","PI337680",240.143362849353,2.79644032483161,0.291613235700286,0.99641630714134,"Bayesian logistic model of canopy height vs. gdd","RE"
"season_6","PI337689",315.202014871623,3.71712273902281,0.388213688775369,0.99312372710544,"Bayesian logistic model of canopy height vs. gdd","RE"
"season_6","PI452542",365.15197623089,4.14879282718029,0.447784718881274,0.998158917509262,"Bayesian logistic model of canopy height vs. gdd","RE"
"season_6","PI452619",338.100122323918,4.23537214444688,0.386782783196749,0.990626535799324,"Bayesian logistic model of canopy height vs. gdd","RE"
"season_6","PI452692",299.605485157663,3.5089848767007,0.347621870813116,0.990146661679463,"Bayesian logistic model of canopy height vs. gdd","RE"
"season_6","PI453696",308.376299092601,2.15897444147577,0.417976872958866,0.982295847548774,"Bayesian logistic model of canopy height vs. gdd","RE"
"season_6","PI455217",323.049273654827,2.79655251258875,0.439809544236363,0.995832494785915,"Bayesian logistic model of canopy height vs. gdd","RE"
"season_6","PI455280",314.185802033858,2.62328622076048,0.422454807445462,0.992168883826448,"Bayesian logistic model of canopy height vs. gdd","RE"
"season_6","PI455301",279.97888410975,1.88993327820709,0.385566454583342,0.998385498526044,"Bayesian logistic model of canopy height vs. gdd","RE"
"season_6","PI455307",293.084052888158,2.6365598954551,0.370002492611236,0.991349363412998,"Bayesian logistic model of canopy height vs. gdd","RE"
"season_6","PI506030",300.616799630058,1.52026262131797,0.424002944494019,0.979509979935499,"Bayesian logistic model of canopy height vs. gdd","RE"
"season_6","PI511355",301.776224581095,1.89133035655023,0.419219473869634,0.950295111461267,"Bayesian logistic model of canopy height vs. gdd","RE"
"season_6","PI513898",222.871603837173,4.83770609168314,0.23063045888859,0.989082726766223,"Bayesian logistic model of canopy height vs. gdd","RE"
"season_6","PI514456",255.138895902624,2.32624185909547,0.311164662444036,0.992585636773936,"Bayesian logistic model of canopy height vs. gdd","RE"
"season_6","PI521019",305.907904340534,2.65798854841592,0.382082282435136,0.992150268702579,"Bayesian logistic model of canopy height vs. gdd","RE"
"season_6","PI521152",249.946638404194,3.04885840670899,0.337501988450053,0.904862845292762,"Bayesian logistic model of canopy height vs. gdd","RE"
"season_6","PI521280",284.05342250163,4.30211978257736,0.316425150137609,0.986685295436685,"Bayesian logistic model of canopy height vs. gdd","RE"
"season_6","PI521290",336.122526270085,3.53537437878909,0.378647110031751,0.988965907589983,"Bayesian logistic model of canopy height vs. gdd","RE"
"season_6","PI524475",221.49835118148,2.45529490727394,0.271798642373666,0.99342255361782,"Bayesian logistic model of canopy height vs. gdd","RE"
"season_6","PI525049",329.693963841073,4.45812435825272,0.363083659323891,0.933928127717979,"Bayesian logistic model of canopy height vs. gdd","RE"
"season_6","PI52606",241.928051149386,4.01488924580389,0.299380894294025,0.994852602666232,"Bayesian logistic model of canopy height vs. gdd","RE"
"season_6","PI526905",271.615069757256,4.02463762988498,0.312849287322835,0.991108666846353,"Bayesian logistic model of canopy height vs. gdd","RE"
"season_6","PI527045",317.271672653868,10.1481907912377,0.24870818960745,0.962854657064448,"Bayesian logistic model of canopy height vs. gdd","RE"
"season_6","PI533902",236.309920963738,4.1395321540577,0.268732457475596,0.977550950990156,"Bayesian logistic model of canopy height vs. gdd","RE"
"season_6","PI533998",271.008549025485,2.6144595426847,0.344763892833006,0.970122898439297,"Bayesian logistic model of canopy height vs. gdd","RE"
"season_6","PI534120",258.901872286162,2.59829939114824,0.319829389211778,0.986489273172802,"Bayesian logistic model of canopy height vs. gdd","RE"
"season_6","PI534165",292.708941304922,2.22045383930295,0.366679792594008,0.989739001638326,"Bayesian logistic model of canopy height vs. gdd","RE"
"season_6","PI535785",309.636005573539,2.38955217668465,0.413914579166048,0.986299845034282,"Bayesian logistic model of canopy height vs. gdd","RE"
"season_6","PI535792",245.148458225086,6.4493394407976,0.237425903097381,0.990702385805856,"Bayesian logistic model of canopy height vs. gdd","RE"
"season_6","PI535794",264.329503358635,6.43430698321304,0.242496914834516,0.980660829403248,"Bayesian logistic model of canopy height vs. gdd","RE"
"season_6","PI535795",290.134254843956,0.948016637824087,0.52342039792727,0.989177174434952,"Bayesian logistic model of canopy height vs. gdd","RE"
"season_6","PI535796",269.999922823269,1.57173853240118,0.461292124254538,0.989424083833084,"Bayesian logistic model of canopy height vs. gdd","RE"
"season_6","PI540518",229.22936310434,3.47726615417383,0.292925153117619,0.991186246222244,"Bayesian logistic model of canopy height vs. gdd","RE"
"season_6","PI562732",300.636462085525,1.89375076180485,0.428709728518274,0.983723605694158,"Bayesian logistic model of canopy height vs. gdd","RE"
"season_6","PI562781",287.805221481822,4.45700886743915,0.327348072389821,0.978416959596265,"Bayesian logistic model of canopy height vs. gdd","RE"
"season_6","PI562897",314.281698788437,3.52799696492794,0.360811873962049,0.980529208707575,"Bayesian logistic model of canopy height vs. gdd","RE"
"season_6","PI562970",334.425999598224,2.1820796864668,0.430373298206683,0.987257698938461,"Bayesian logistic model of canopy height vs. gdd","RE"
"season_6","PI562971",221.810659175206,3.00837994528873,0.309723101926952,0.993457644217167,"Bayesian logistic model of canopy height vs. gdd","RE"
"season_6","PI562981",237.528750190625,3.92168083007322,0.28061061458232,0.981630360255616,"Bayesian logistic model of canopy height vs. gdd","RE"
"season_6","PI562982",230.58374553708,3.45552362312366,0.271406840837951,0.96108792043352,"Bayesian logistic model of canopy height vs. gdd","RE"
"season_6","PI562985",241.526239226414,3.32215010007179,0.284204175591139,0.975200507708884,"Bayesian logistic model of canopy height vs. gdd","RE"
"season_6","PI562990",301.640444916378,1.54292420755192,0.414687466969734,0.986795807379951,"Bayesian logistic model of canopy height vs. gdd","RE"
"season_6","PI562991",294.279542090801,2.58086639353083,0.379128264656583,0.997854869697648,"Bayesian logistic model of canopy height vs. gdd","RE"
"season_6","PI562994",337.523305927543,3.24850962254497,0.40166678286356,0.984384180576824,"Bayesian logistic model of canopy height vs. gdd","RE"
"season_6","PI562997",301.370567500421,1.39828210898114,0.458018117338011,0.985467747466849,"Bayesian logistic model of canopy height vs. gdd","RE"
"season_6","PI562998",229.082037873938,4.03093766941587,0.247964397252492,0.989213343249972,"Bayesian logistic model of canopy height vs. gdd","RE"
"season_6","PI563002",272.099539224649,1.66814745992639,0.374466356659382,0.975721515522876,"Bayesian logistic model of canopy height vs. gdd","RE"
"season_6","PI563009",278.351662155089,3.50533503166031,0.301417074717274,0.938248372207624,"Bayesian logistic model of canopy height vs. gdd","RE"
"season_6","PI563020",299.202244170619,7.42081559575651,0.291859642135317,0.95776328725873,"Bayesian logistic model of canopy height vs. gdd","RE"
"season_6","PI563021",306.493523114074,2.44977096181615,0.397858570350397,0.99642677434988,"Bayesian logistic model of canopy height vs. gdd","RE"
"season_6","PI563022",296.139439076431,1.82922952143511,0.399511308293766,0.979884839637808,"Bayesian logistic model of canopy height vs. gdd","RE"
"season_6","PI563032",307.14030728086,2.96592375193199,0.402721051661011,0.990567642219279,"Bayesian logistic model of canopy height vs. gdd","RE"
"season_6","PI563196",227.397515610263,1.34050570987733,0.383772797665989,0.93203891306449,"Bayesian logistic model of canopy height vs. gdd","RE"
"season_6","PI563329",295.692637954297,2.75771103487843,0.391870924787028,0.993926945113723,"Bayesian logistic model of canopy height vs. gdd","RE"
"season_6","PI563332",326.129416934346,3.0307121432204,0.414658858064518,0.993889119911649,"Bayesian logistic model of canopy height vs. gdd","RE"
"season_6","PI563338",224.853506431163,2.25835375117207,0.281532867242153,0.996982676953297,"Bayesian logistic model of canopy height vs. gdd","RE"
"season_6","PI563350",267.797286208916,3.36915466698413,0.305437263587125,0.986320023687514,"Bayesian logistic model of canopy height vs. gdd","RE"
"season_6","PI563355",240.519123144278,2.73772748328717,0.315115453245186,0.996298689772741,"Bayesian logistic model of canopy height vs. gdd","RE"
"season_6","PI564163",209.083156948674,5.82739989585577,0.217596931191525,0.953797441939231,"Bayesian logistic model of canopy height vs. gdd","RE"
"season_6","PI566819",340.900932999284,5.02458299648163,0.417821676255695,0.997407684530145,"Bayesian logistic model of canopy height vs. gdd","RE"
"season_6","PI569097",331.135767349249,1.97463040552102,0.44697857956017,0.99547428469639,"Bayesian logistic model of canopy height vs. gdd","RE"
"season_6","PI569148",280.471005657134,2.86113804354443,0.369987807758232,0.997892470765701,"Bayesian logistic model of canopy height vs. gdd","RE"
"season_6","PI569244",296.245766011361,2.34396581611666,0.387684573547433,0.997441904426564,"Bayesian logistic model of canopy height vs. gdd","RE"
"season_6","PI569264",335.59343219907,3.43538137050593,0.398503659671881,0.990555401522253,"Bayesian logistic model of canopy height vs. gdd","RE"
"season_6","PI569418",326.705725823592,0.606511984744724,0.510693780855868,0.96961129256097,"Bayesian logistic model of canopy height vs. gdd","RE"
"season_6","PI569419",287.755472729377,1.03481893287695,0.424773354665045,0.996922078199008,"Bayesian logistic model of canopy height vs. gdd","RE"
"season_6","PI569420",259.052577715904,1.1277303259537,0.403090250208013,0.992083257953698,"Bayesian logistic model of canopy height vs. gdd","RE"
"season_6","PI569422",244.343847972595,2.72002507193182,0.298664099012276,0.993249333944209,"Bayesian logistic model of canopy height vs. gdd","RE"
"season_6","PI569423",278.93184498929,1.3752600060444,0.397090635421945,0.955809518489678,"Bayesian logistic model of canopy height vs. gdd","RE"
"season_6","PI569427",204.604014203652,0.595279003808529,0.352269937262209,0.926563283162981,"Bayesian logistic model of canopy height vs. gdd","RE"
"season_6","PI569443",253.539411093636,2.09629202785703,0.322634619231692,0.930551520900611,"Bayesian logistic model of canopy height vs. gdd","RE"
"season_6","PI569445",264.376836176468,1.58031071757055,0.376014163216654,0.996327768205205,"Bayesian logistic model of canopy height vs. gdd","RE"
"season_6","PI569447",290.673321386176,2.59090155178012,0.381621200971541,0.991486000337448,"Bayesian logistic model of canopy height vs. gdd","RE"
"season_6","PI569453",242.781904264363,1.50253898405134,0.338136558870497,0.997064382912923,"Bayesian logistic model of canopy height vs. gdd","RE"
"season_6","PI569455",242.686785671066,1.8350414096516,0.331974439794393,0.974708047813677,"Bayesian logistic model of canopy height vs. gdd","RE"
"season_6","PI569457",262.911436502951,2.182739645721,0.32308405072111,0.985679323798674,"Bayesian logistic model of canopy height vs. gdd","RE"
"season_6","PI569458",303.095175891164,2.02671851336682,0.393991009454567,0.975712092318812,"Bayesian logistic model of canopy height vs. gdd","RE"
"season_6","PI569460",321.36609203581,1.34203480234925,0.423663366944943,0.95351653485997,"Bayesian logistic model of canopy height vs. gdd","RE"
"season_6","PI569465",244.227342202872,3.41990829509629,0.281039201082531,0.994108160651007,"Bayesian logistic model of canopy height vs. gdd","RE"
"season_6","PI569886",293.070932284707,1.73945470412312,0.38801274686562,0.976432373054778,"Bayesian logistic model of canopy height vs. gdd","RE"
"season_6","PI570031",246.133445077662,2.19355597388709,0.349562140076828,0.988704522088293,"Bayesian logistic model of canopy height vs. gdd","RE"
"season_6","PI570038",254.414567612048,2.31082461240086,0.326001577916817,0.979658733220097,"Bayesian logistic model of canopy height vs. gdd","RE"
"season_6","PI570042",250.921687987674,1.40119546601942,0.357705514771022,0.986762349490861,"Bayesian logistic model of canopy height vs. gdd","RE"
"season_6","PI570071",227.63093251249,2.11132178104976,0.304383958267049,0.995742032029737,"Bayesian logistic model of canopy height vs. gdd","RE"
"season_6","PI570073",295.954142310331,1.51585865726424,0.428739732448918,0.952977467044664,"Bayesian logistic model of canopy height vs. gdd","RE"
"season_6","PI570074",273.919199984715,1.05413487660266,0.43517474082231,0.972848157388752,"Bayesian logistic model of canopy height vs. gdd","RE"
"season_6","PI570075",265.107000024684,2.75328988209654,0.34369041840163,0.994994011434972,"Bayesian logistic model of canopy height vs. gdd","RE"
"season_6","PI570076",320.240865681589,4.0264314954778,0.362653042851821,0.972073301673291,"Bayesian logistic model of canopy height vs. gdd","RE"
"season_6","PI570085",242.782661416135,2.61775633317302,0.319086644192673,0.997127444641779,"Bayesian logistic model of canopy height vs. gdd","RE"
"season_6","PI570087",262.266937296966,2.11064188749498,0.351670838221204,0.996163220003374,"Bayesian logistic model of canopy height vs. gdd","RE"
"season_6","PI570090",268.582325238421,1.70963575031221,0.352484816251533,0.982108542170156,"Bayesian logistic model of canopy height vs. gdd","RE"
"season_6","PI570091",247.895640367325,1.41887405511292,0.359985125233121,0.989293973193578,"Bayesian logistic model of canopy height vs. gdd","RE"
"season_6","PI570096",271.801812358309,2.5658551838082,0.359368176023277,0.98678618388358,"Bayesian logistic model of canopy height vs. gdd","RE"
"season_6","PI570106",239.612525272226,2.06442099719773,0.457197350142398,0.987201817619732,"Bayesian logistic model of canopy height vs. gdd","RE"
"season_6","PI570110",284.445291379384,2.22121116893855,0.383308790754479,0.992977296932935,"Bayesian logistic model of canopy height vs. gdd","RE"
"season_6","PI570114",247.31508599572,3.67159794944929,0.284935302242469,0.987745891089184,"Bayesian logistic model of canopy height vs. gdd","RE"
"season_6","PI570145",318.641802446766,2.77348792399629,0.392542593756301,0.994052241672787,"Bayesian logistic model of canopy height vs. gdd","RE"
"season_6","PI570373",276.008738079955,1.92822499825504,0.386910874808259,0.973106197740393,"Bayesian logistic model of canopy height vs. gdd","RE"
"season_6","PI570388",299.676240755998,2.41436026207605,0.417256043372242,0.994628851361156,"Bayesian logistic model of canopy height vs. gdd","RE"
"season_6","PI570400",294.415371646102,2.52042630765296,0.353784350521246,0.978477382450396,"Bayesian logistic model of canopy height vs. gdd","RE"
"season_6","PI570431",295.182115401868,2.45876191297972,0.395235082092112,0.99138597495275,"Bayesian logistic model of canopy height vs. gdd","RE"
"season_6","PI573193",316.550440082745,1.88012097708973,0.414214013828856,0.990195459223694,"Bayesian logistic model of canopy height vs. gdd","RE"
"season_6","PI576399",326.007713843544,2.21213091540887,0.375038392042074,0.979971404979888,"Bayesian logistic model of canopy height vs. gdd","RE"
"season_6","PI576401",289.495472743864,6.13178519486517,0.272446033392042,0.966600138675731,"Bayesian logistic model of canopy height vs. gdd","RE"
"season_6","PI583832",321.42952878233,3.65676967386806,0.387943114325241,0.992575435604342,"Bayesian logistic model of canopy height vs. gdd","RE"
"season_6","PI585406",283.467841937299,2.88885331160705,0.332250133004606,0.99702490173406,"Bayesian logistic model of canopy height vs. gdd","RE"
"season_6","PI585452",316.961583773573,5.98480107030347,0.293256070761472,0.985126810358571,"Bayesian logistic model of canopy height vs. gdd","RE"
"season_6","PI585454",258.103684391498,1.35746705705108,0.391244289640399,0.996841719309485,"Bayesian logistic model of canopy height vs. gdd","RE"
"season_6","PI585461",248.979755425534,3.76315878381282,0.269615046632284,0.988679509301999,"Bayesian logistic model of canopy height vs. gdd","RE"
"season_6","PI585467",288.619527698374,4.46908266500033,0.29491463723851,0.987926630061926,"Bayesian logistic model of canopy height vs. gdd","RE"
"season_6","PI585577",233.753499015535,3.21387911403362,0.279357588879852,0.995170498547503,"Bayesian logistic model of canopy height vs. gdd","RE"
"season_6","PI585608",312.634030264297,3.20843931586141,0.405795861102935,0.978447810797368,"Bayesian logistic model of canopy height vs. gdd","RE"
"season_6","PI585961",248.786788929143,2.68805738393713,0.345706303551687,0.916709855594085,"Bayesian logistic model of canopy height vs. gdd","RE"
"season_6","PI586435",282.081792780353,2.25733578838949,0.418461633506499,0.984439682089,"Bayesian logistic model of canopy height vs. gdd","RE"
"season_6","PI586541",346.769400450301,3.58205903106618,0.435503484848079,0.979159682421151,"Bayesian logistic model of canopy height vs. gdd","RE"
"season_6","PI593916",249.914152923989,3.5005211081197,0.280383321168894,0.967853427857631,"Bayesian logistic model of canopy height vs. gdd","RE"
"season_6","PI619807",257.407255628033,1.33542176473312,0.378163693074982,0.989599020027885,"Bayesian logistic model of canopy height vs. gdd","RE"
"season_6","PI619838",327.801635462997,2.35105270009328,0.387602588842708,0.975728764459516,"Bayesian logistic model of canopy height vs. gdd","RE"
"season_6","PI620072",277.213116475405,0.591998833750484,0.465130539060848,0.982890878746345,"Bayesian logistic model of canopy height vs. gdd","RE"
"season_6","PI620157",312.973119267437,2.52318593090102,0.417314578176961,0.985787761785441,"Bayesian logistic model of canopy height vs. gdd","RE"
"season_6","PI63715",329.920110010727,3.64664830981203,0.400409176559521,0.992020631984901,"Bayesian logistic model of canopy height vs. gdd","RE"
"season_6","PI641810",262.681618996274,1.91236734635601,0.394054530469679,0.99922543849971,"Bayesian logistic model of canopy height vs. gdd","RE"
"season_6","PI641815",282.585641522613,1.7410904132216,0.433917868492459,0.998722286847181,"Bayesian logistic model of canopy height vs. gdd","RE"
"season_6","PI641817",243.458802960431,1.56581602066285,0.390642937849325,0.990004299894853,"Bayesian logistic model of canopy height vs. gdd","RE"
"season_6","PI641821",253.826052436025,1.70243619106871,0.393165305123345,0.998569100257111,"Bayesian logistic model of canopy height vs. gdd","RE"
"season_6","PI641824",302.849364791538,2.22614568430083,0.44031261575094,0.994186157548521,"Bayesian logistic model of canopy height vs. gdd","RE"
"season_6","PI641829",312.89778700143,1.89567708403602,0.484466877430021,0.990788224707001,"Bayesian logistic model of canopy height vs. gdd","RE"
"season_6","PI641830",249.176702077165,1.48208797310932,0.433943133687839,0.997846583733406,"Bayesian logistic model of canopy height vs. gdd","RE"
"season_6","PI641835",326.561792119804,3.47512638313029,0.410040995703827,0.942863205963842,"Bayesian logistic model of canopy height vs. gdd","RE"
"season_6","PI641850",303.672853724642,1.74512341244627,0.453914309453247,0.986475039666155,"Bayesian logistic model of canopy height vs. gdd","RE"
"season_6","PI641860",316.233847035904,2.63061144490236,0.439993663896611,0.995987414266551,"Bayesian logistic model of canopy height vs. gdd","RE"
"season_6","PI641862",281.52466239365,2.01600367261734,0.436450056142285,0.994144855175497,"Bayesian logistic model of canopy height vs. gdd","RE"
"season_6","PI641892",302.977015686825,1.75736277339171,0.427787806363953,0.992872414628238,"Bayesian logistic model of canopy height vs. gdd","RE"
"season_6","PI641909",328.472658745929,8.06390780931346,0.341423629050609,0.998024014660146,"Bayesian logistic model of canopy height vs. gdd","RE"
"season_6","PI643008",325.801935926185,2.23080321396469,0.409688587656002,0.986467190269782,"Bayesian logistic model of canopy height vs. gdd","RE"
"season_6","PI643016",286.556151052239,2.18031987601383,0.369503801761471,0.992540164303187,"Bayesian logistic model of canopy height vs. gdd","RE"
"season_6","PI646242",214.651324026133,1.73041977584349,0.329571524204449,0.953421001851952,"Bayesian logistic model of canopy height vs. gdd","RE"
"season_6","PI646251",295.60495806031,2.39898303924399,0.393230410306504,0.980929924203602,"Bayesian logistic model of canopy height vs. gdd","RE"
"season_6","PI646266",306.288709885104,3.73100923208174,0.347168708103403,0.973458252994793,"Bayesian logistic model of canopy height vs. gdd","RE"
"season_6","PI651491",309.352656837132,2.21243312760357,0.422159471037414,0.998362455943467,"Bayesian logistic model of canopy height vs. gdd","RE"
"season_6","PI651495",304.236895609709,1.78492014318604,0.436793202020301,0.99018996820095,"Bayesian logistic model of canopy height vs. gdd","RE"
"season_6","PI651497",289.094935454105,1.93461936225734,0.398248462303216,0.99496557708998,"Bayesian logistic model of canopy height vs. gdd","RE"
"season_6","PI653616",281.771335182852,3.55810377831848,0.360979126787641,0.998948137415267,"Bayesian logistic model of canopy height vs. gdd","RE"
"season_6","PI653617",263.64724585229,1.66638451286332,0.422314981621324,0.997701794631403,"Bayesian logistic model of canopy height vs. gdd","RE"
"season_6","PI655978",250.310627852333,3.4077893666154,0.271160824322357,0.990422296105364,"Bayesian logistic model of canopy height vs. gdd","RE"
"season_6","PI656015",281.670121699714,2.20981719778418,0.384644040605717,0.980213597873769,"Bayesian logistic model of canopy height vs. gdd","RE"
"season_6","PI656026",227.444896357296,2.48711898068798,0.34447750890914,0.996742075766588,"Bayesian logistic model of canopy height vs. gdd","RE"
"season_6","PI656035",303.877040177505,1.28607163612482,0.476886624974124,0.989265667785851,"Bayesian logistic model of canopy height vs. gdd","RE"
"season_6","PI656065",252.141963524397,0.658333645021849,0.400200901342818,0.997647719755862,"Bayesian logistic model of canopy height vs. gdd","RE"
"season_6","PI92270",357.970035248677,3.31757223162567,0.520687914960739,0.997272462019936,"Bayesian logistic model of canopy height vs. gdd","RE"
